"LifetimeWordCount","Writer Name","Member Length","index","url"
"75,148","Nicaless","Member for about 2 years","1","http://nanowrimo.org/participants/nicaless"
"528,693","Rachel B. Moore","Member for about 10 years","2","http://nanowrimo.org/participants/rachel-b-moore"
"29,299","abookishbabe","Member for about 1 month","3","http://nanowrimo.org/participants/abookishbabe"
"554,300","alexabexis","Member for about 11 years","4","http://nanowrimo.org/participants/alexabexis"
"41,428","AllYellowFlowers","Member for about 3 years","5","http://nanowrimo.org/participants/AllYellowFlowers"
"88,131","animalrza","Member for about 3 years","6","http://nanowrimo.org/participants/animalrza"
"50,145","Cafenuit","Member for about 3 years","7","http://nanowrimo.org/participants/Cafenuit"
"18,999","Carmelon","Member for about 1 month","8","http://nanowrimo.org/participants/Carmelon"
"38,981","carozy","Member for over 4 years","9","http://nanowrimo.org/participants/carozy"
"313,332","chrisk0","Member for about 10 years","10","http://nanowrimo.org/participants/chrisk0"
"11,055","ComeOnAndWriteThisNovel","Member for about 3 years","11","http://nanowrimo.org/participants/ComeOnAndWriteThisNovel"
"310,993","cretsi","Member for about 5 years","12","http://nanowrimo.org/participants/cretsi"
"3,483","dazart","Member for about 1 year","13","http://nanowrimo.org/participants/dazart"
"174,396","dgiuliani","Member for about 5 years","14","http://nanowrimo.org/participants/dgiuliani"
"52,990","FaerieRogue","Member for about 1 month","15","http://nanowrimo.org/participants/FaerieRogue"
"336,770","fallingleaf","Member for about 8 years","16","http://nanowrimo.org/participants/fallingleaf"
"116,054","FeliciaFredlund","Member for over 6 years","17","http://nanowrimo.org/participants/FeliciaFredlund"
"429,607","grenouille","Member for over 7 years","18","http://nanowrimo.org/participants/grenouille"
"192,246","hbt003","Member for about 4 years","19","http://nanowrimo.org/participants/hbt003"
"54,694","imtrisprior","Member for over 1 year","20","http://nanowrimo.org/participants/imtrisprior"
"132,916","Jamesalicious","Member for about 5 years","21","http://nanowrimo.org/participants/Jamesalicious"
"184,194","Jen Gambale","Member for about 3 years","22","http://nanowrimo.org/participants/jen-gambale"
"93,681","K. R. Smith","Member for about 2 years","23","http://nanowrimo.org/participants/K-R-Smith"
"205,314","Kelvarus","Member for about 6 years","24","http://nanowrimo.org/participants/Kelvarus"
"336,032","khmore","Member for about 6 years","25","http://nanowrimo.org/participants/khmore"
"23,503","kp17","Member for about 1 month","26","http://nanowrimo.org/participants/kp17"
"371,913","kristenrudd","Member for about 8 years","27","http://nanowrimo.org/participants/kristenrudd"
"351,374","lavenderblue","Member for over 6 years","28","http://nanowrimo.org/participants/lavenderblue"
"153,786","Liberate","Member for about 6 years","29","http://nanowrimo.org/participants/Liberate"
"38,056","liteindigold","Member for about 4 years","30","http://nanowrimo.org/participants/liteindigold"
"25,700","Lunar Daddy","Member for 3 months","31","http://nanowrimo.org/participants/Lunar-Daddy"
"66,128","MamaHen40","Member for 2 months","32","http://nanowrimo.org/participants/MamaHen40"
"150,528","MermaidMaddie","Member for about 2 years","33","http://nanowrimo.org/participants/MermaidMaddie"
"54,199","motherless child","Member for 5 months","34","http://nanowrimo.org/participants/motherless-child"
"502","nelle81","Member for about 3 years","35","http://nanowrimo.org/participants/nelle81"
"207,360","nemodos","Member for about 4 years","36","http://nanowrimo.org/participants/nemodos"
"10,202","nicole1967","Member for about 1 month","37","http://nanowrimo.org/participants/nicole1967"
"53,230","Rebecca Stern","Member for about 5 years","38","http://nanowrimo.org/participants/Rebecca-Stern"
"211,000","rienkarrot","Member for about 3 years","39","http://nanowrimo.org/participants/rienkarrot"
"33,778","s.writes56","Member for over 1 year","40","http://nanowrimo.org/participants/s-writes56"
"10,750","schappy","Member for about 1 month","41","http://nanowrimo.org/participants/schappy"
"16,941","Shaun Parker","Member for about 1 year","42","http://nanowrimo.org/participants/Shaun-Parker"
"388,689","sninkychan","Member for about 11 years","43","http://nanowrimo.org/participants/sninkychan"
"50,047","SquirrelScribe","Member for over 2 years","44","http://nanowrimo.org/participants/SquirrelScribe"
"103,672","UltraCelestial","Member for about 1 year","45","http://nanowrimo.org/participants/UltraCelestial"
"229,859","unagicat","Member for about 5 years","46","http://nanowrimo.org/participants/unagicat"
"106,602","Uriel238","Member for about 7 years","47","http://nanowrimo.org/participants/Uriel238"
"238,021","ValkyrieKS","Member for about 4 years","48","http://nanowrimo.org/participants/ValkyrieKS"
"368,564","Vehka","Member for about 9 years","49","http://nanowrimo.org/participants/Vehka"
"404,176","honeywell","Member for about 9 years","50","http://nanowrimo.org/participants/honeywell"
"24,531","Allioup","Member for about 3 years","51","http://nanowrimo.org/participants/Allioup"
"52,348","amelia.marshall","Member for over 3 years","52","http://nanowrimo.org/participants/amelia-marshall"
"12,947","AngerAndAgony","Member for over 1 year","53","http://nanowrimo.org/participants/AngerAndAgony"
"250,873","Aralonia","Member for about 5 years","54","http://nanowrimo.org/participants/Aralonia"
"251,064","bexdragon","Member for about 10 years","55","http://nanowrimo.org/participants/bexdragon"
"0","Bustella","Member for 2 months","56","http://nanowrimo.org/participants/Bustella"
"207,683","Crodentia","Member for about 1 year","57","http://nanowrimo.org/participants/Crodentia"
"196,298","DarylDarko","Member for about 11 years","58","http://nanowrimo.org/participants/DarylDarko"
"18,893","Derek Wallace","Member for about 3 years","59","http://nanowrimo.org/participants/Derek-Wallace"
"150,073","dkdailey","Member for over 2 years","60","http://nanowrimo.org/participants/dkdailey"
"101,209","ebonstorm","Member for about 5 years","61","http://nanowrimo.org/participants/ebonstorm"
"50,144","EllenMulholland","Member for 3 months","62","http://nanowrimo.org/participants/EllenMulholland"
"72,457","escabatum_rip3","Member for about 3 years","63","http://nanowrimo.org/participants/escabatum_rip3"
"45,474","ethibeaux","Member for about 1 year","64","http://nanowrimo.org/participants/ethibeaux"
"59,152","fiegellan","Member for about 2 years","65","http://nanowrimo.org/participants/fiegellan"
"21,911","fireun","Member for about 9 years","66","http://nanowrimo.org/participants/fireun"
"120,000","G.M. Luna","Member for 3 months","67","http://nanowrimo.org/participants/G-M-Luna"
"203,024","Grant Faulkner","Member for about 5 years","68","http://nanowrimo.org/participants/Grant-Faulkner"
"300,141","greenphoenixrain","Member for about 5 years","69","http://nanowrimo.org/participants/greenphoenixrain"
"50,526","hsparks","Member for about 1 month","70","http://nanowrimo.org/participants/hsparks"
"504,008","Ixy-Pixy","Member for about 9 years","71","http://nanowrimo.org/participants/Ixy-Pixy"
"96,331","jjfid","Member for about 8 years","72","http://nanowrimo.org/participants/jjfid"
"260,839","jodimt","Member for about 4 years","73","http://nanowrimo.org/participants/jodimt"
"2,008","jonbritton","Member for about 2 years","74","http://nanowrimo.org/participants/jonbritton"
"3,080","J_Hill","Member for over 4 years","75","http://nanowrimo.org/participants/J_Hill"
"761","laceywilson","Member for 2 months","76","http://nanowrimo.org/participants/laceywilson"
"7,223","Laconic Lad","Member for about 1 year","77","http://nanowrimo.org/participants/Laconic-Lad"
"34,000","lassen86","Member for 2 months","78","http://nanowrimo.org/participants/lassen86"
"61,326","lenichi","Member for about 1 year","79","http://nanowrimo.org/participants/lenichi"
"130,212","LetterpressLibrarian","Member for about 1 year","80","http://nanowrimo.org/participants/LetterpressLibrarian"
"178,407","lil bone","Member for about 5 years","81","http://nanowrimo.org/participants/lil-bone"
"267,555","lokelani86","Member for almost 6 years","82","http://nanowrimo.org/participants/lokelani86"
"114,293","Mancha","Member for about 3 years","83","http://nanowrimo.org/participants/Mancha"
"120,181","MKent1","Member for 3 months","84","http://nanowrimo.org/participants/MKent1"
"14,528","MusicalMe","Member for over 7 years","85","http://nanowrimo.org/participants/MusicalMe"
"451,760","mwalker","Member for about 10 years","86","http://nanowrimo.org/participants/mwalker"
"71,965","naseem.sage","Member for about 1 year","87","http://nanowrimo.org/participants/naseem-sage"
"0","NLettis","Member for 3 months","88","http://nanowrimo.org/participants/NLettis"
"371,448","Nytshaed","Member for about 6 years","89","http://nanowrimo.org/participants/Nytshaed"
"255,810","poise","Member for about 4 years","90","http://nanowrimo.org/participants/poise"
"107,800","QuinnWhittaker","Member for about 3 years","91","http://nanowrimo.org/participants/QuinnWhittaker"
"74,758","RagingFem","Member for about 2 years","92","http://nanowrimo.org/participants/RagingFem"
"12,972","revdolphin","Member for about 1 month","93","http://nanowrimo.org/participants/revdolphin"
"130,045","Robertjm","Member for over 5 years","94","http://nanowrimo.org/participants/Robertjm"
"106,934","Sophia Salazar","Member for over 2 years","95","http://nanowrimo.org/participants/Sophia-Salazar"
"169,378","Space-Jack","Member for over 4 years","96","http://nanowrimo.org/participants/Space-Jack"
"1,758,715","sushimustwrite","Member for about 13 years","97","http://nanowrimo.org/participants/sushimustwrite"
"290,383","The-Big-Bad-Firewing","Member for about 7 years","98","http://nanowrimo.org/participants/The-Big-Bad-Firewing"
"50,070","wildflowerlens","Member for about 1 month","99","http://nanowrimo.org/participants/wildflowerlens"
"10,393","wittycassiehere","Member for 3 months","100","http://nanowrimo.org/participants/wittycassiehere"
"44,970","wordweaver","Member for about 13 years","101","http://nanowrimo.org/participants/wordweaver"
"76,597","WSpinale","Member for about 1 year","102","http://nanowrimo.org/participants/WSpinale"
"379","Alexandris","Member for about 5 years","103","http://nanowrimo.org/participants/Alexandris"
"1,579","ambrella","Member for about 5 years","104","http://nanowrimo.org/participants/ambrella"
"3,653","DinosaurDooDoo","Member for almost 5 years","105","http://nanowrimo.org/participants/DinosaurDooDoo"
"4,861","gakernes","Member for 2 months","106","http://nanowrimo.org/participants/gakernes"
"167,538","irlangel","Member for 5 months","107","http://nanowrimo.org/participants/irlangel"
"30,049","jenniferkate","Member for about 13 years","108","http://nanowrimo.org/participants/jenniferkate"
"51,213","Jessbear84","Member for 2 months","109","http://nanowrimo.org/participants/Jessbear84"
"15,042","JWhiteFang","Member for about 1 year","110","http://nanowrimo.org/participants/JWhiteFang"
"1,322","KDSUNFLOWERS","Member for over 1 year","111","http://nanowrimo.org/participants/KDSUNFLOWERS"
"50,267","kicksandgiggles","Member for 3 months","112","http://nanowrimo.org/participants/kicksandgiggles"
"50,415","krkausen","Member for 2 months","113","http://nanowrimo.org/participants/krkausen"
"141,812","lynxzpanther","Member for over 3 years","114","http://nanowrimo.org/participants/lynxzpanther"
"67,664","melissacroce","Member for over 2 years","115","http://nanowrimo.org/participants/melissacroce"
"1,614","MsHannaBSmith","Member for about 1 month","116","http://nanowrimo.org/participants/MsHannaBSmith"
"3,503","New Apollo","Member for 2 months","117","http://nanowrimo.org/participants/New-Apollo"
"284,717","pbtoejam05","Member for over 6 years","118","http://nanowrimo.org/participants/pbtoejam05"
"9,561","sniccolls","Member for 2 months","119","http://nanowrimo.org/participants/sniccolls"
"3,095","StardustStorm","Member for 4 months","120","http://nanowrimo.org/participants/StardustStorm"
"74,705","Torturedwriting","Member for 2 months","121","http://nanowrimo.org/participants/Torturedwriting"
"50,736","@Erin_Havel","Member for over 1 year","122","http://nanowrimo.org/participants/erin_havel"
"50,230","allireapandsow","Member for 2 months","123","http://nanowrimo.org/participants/allireapandsow"
"38,000","amberkell","Member for over 4 years","124","http://nanowrimo.org/participants/amberkell"
"0","Ashley Daniele","Member for almost 2 years","125","http://nanowrimo.org/participants/Ashley-Daniele"
"194,209","astridsdream","Member for about 5 years","126","http://nanowrimo.org/participants/astridsdream"
"7,831","authorperson","Member for about 1 year","127","http://nanowrimo.org/participants/authorperson"
"64,411","Blushingwriter","Member for about 2 years","128","http://nanowrimo.org/participants/Blushingwriter"
"246,231","Boupie","Member for about 7 years","129","http://nanowrimo.org/participants/Boupie"
"144,957","CairennRhys","Member for almost 3 years","130","http://nanowrimo.org/participants/CairennRhys"
"1,667","Caisidorhpa","Member for about 11 years","131","http://nanowrimo.org/participants/Caisidorhpa"
"304,935","CAPav","Member for about 5 years","132","http://nanowrimo.org/participants/CAPav"
"216,930","Darkotter's Kosher Bacon","Member for about 4 years","133","http://nanowrimo.org/participants/darkotter-s-kosher-bacon"
"90,704","dlindle","Member for about 3 years","134","http://nanowrimo.org/participants/dlindle"
"316,731","ElizaWyatt","Member for about 8 years","135","http://nanowrimo.org/participants/ElizaWyatt"
"170,442","Frozen_in_Tyme","Member for about 5 years","136","http://nanowrimo.org/participants/Frozen_in_Tyme"
"560,420","fyca","Member for about 10 years","137","http://nanowrimo.org/participants/fyca"
"32,849","JaxFost","Member for 3 months","138","http://nanowrimo.org/participants/JaxFost"
"23,454","jelliott93","Member for about 7 years","139","http://nanowrimo.org/participants/jelliott93"
"83,344","Jonah ER Loeb","Member for 2 months","140","http://nanowrimo.org/participants/Jonah-ER-Loeb"
"28,845","Judydawn","Member for over 3 years","141","http://nanowrimo.org/participants/Judydawn"
"654","juliawester","Member for 2 months","142","http://nanowrimo.org/participants/juliawester"
"12,472","kalekim","Member for about 6 years","143","http://nanowrimo.org/participants/kalekim"
"0","KinoFou","Member for about 3 years","144","http://nanowrimo.org/participants/KinoFou"
"71,562","kittypan","Member for over 2 years","145","http://nanowrimo.org/participants/kittypan"
"107,566","KlaraKim","Member for over 1 year","146","http://nanowrimo.org/participants/KlaraKim"
"187,416","KnottedCord21","Member for about 5 years","147","http://nanowrimo.org/participants/KnottedCord21"
"7,339","LadyJustice","Member for 3 months","148","http://nanowrimo.org/participants/LadyJustice"
"57,702","lunespark","Member for about 1 year","149","http://nanowrimo.org/participants/lunespark"
"33,026","MDBrannan","Member for 3 months","150","http://nanowrimo.org/participants/MDBrannan"
"59,700","Miss Apple","Member for about 5 years","151","http://nanowrimo.org/participants/Miss-Apple"
"5,000","morvegan","Member for 2 months","152","http://nanowrimo.org/participants/morvegan"
"1,926","MrLasers","Member for over 4 years","153","http://nanowrimo.org/participants/MrLasers"
"25,000","NW_Rose","Member for 3 months","154","http://nanowrimo.org/participants/NW_Rose"
"157,583","otakubookworm123","Member for about 2 years","155","http://nanowrimo.org/participants/otakubookworm123"
"370,035","Tamsin_Silver","Member for about 5 years","156","http://nanowrimo.org/participants/Tamsin_Silver"
"147,652","starleaf","Member for about 7 years","157","http://nanowrimo.org/participants/starleaf"
"144,970","spinflight","Member for about 9 years","158","http://nanowrimo.org/participants/spinflight"
"503,398","sandersen","Member for about 8 years","159","http://nanowrimo.org/participants/sandersen"
"458,284","russodd","Member for about 8 years","160","http://nanowrimo.org/participants/russodd"
"53,524","Priscale","Member for about 3 years","161","http://nanowrimo.org/participants/Priscale"
"111,272","plague","Member for over 2 years","162","http://nanowrimo.org/participants/plague"
"189,791","Mare9548","Member for about 4 years","163","http://nanowrimo.org/participants/Mare9548"
"7,325","lilychick","Member for about 11 years","164","http://nanowrimo.org/participants/lilychick"
"303,702","Lara F","Member for about 7 years","165","http://nanowrimo.org/participants/Lara-F"
"660,708","LadyMage","Member for about 9 years","166","http://nanowrimo.org/participants/LadyMage"
"217,253","kapppz","Member for about 5 years","167","http://nanowrimo.org/participants/kapppz"
"218,097","jrkennedy","Member for about 5 years","168","http://nanowrimo.org/participants/jrkennedy"
"106,730","hershele_ostropoler","Member for about 6 years","169","http://nanowrimo.org/participants/hershele_ostropoler"
"52,926","Gia Shakur","Member for about 3 years","170","http://nanowrimo.org/participants/Gia-Shakur"
"74,610","florenceandcalamity","Member for about 5 years","171","http://nanowrimo.org/participants/florenceandcalamity"
"489,392","embereye","Member for about 11 years","172","http://nanowrimo.org/participants/embereye"
"507,811","Darkscribe","Member for about 11 years","173","http://nanowrimo.org/participants/Darkscribe"
"61,655","ClaudyKeira","Member for about 5 years","174","http://nanowrimo.org/participants/ClaudyKeira"
"1,108","cinnamon.quill","Member for almost 7 years","175","http://nanowrimo.org/participants/cinnamon-quill"
"112,646","AxmxZ","Member for about 9 years","176","http://nanowrimo.org/participants/AxmxZ"
"15,218","aravis","Member for about 8 years","177","http://nanowrimo.org/participants/aravis"
"174,073","angusm","Member for about 13 years","178","http://nanowrimo.org/participants/angusm"
"1,065,456","ksg1981","Member for about 8 years","179","http://nanowrimo.org/participants/ksg1981"
"302,330","thrilleraddict","Member for almost 4 years","180","http://nanowrimo.org/participants/thrilleraddict"
"407,575","samioni","Member for over 7 years","181","http://nanowrimo.org/participants/samioni"
"54,352","sacredlove!","Member for about 4 years","182","http://nanowrimo.org/participants/sacredlove1"
"457,214","rachnmi","Member for about 11 years","183","http://nanowrimo.org/participants/rachnmi"
"138,916","PurplePixie","Member for about 4 years","184","http://nanowrimo.org/participants/PurplePixie"
"211,355","Paul Hiscock","Member for about 4 years","185","http://nanowrimo.org/participants/Paul-Hiscock"
"231,344","Omega1989","Member for over 6 years","186","http://nanowrimo.org/participants/Omega1989"
"123,669","nudul","Member for over 7 years","187","http://nanowrimo.org/participants/nudul"
"111,906","NickMB","Member for about 5 years","188","http://nanowrimo.org/participants/NickMB"
"77,212","NathalieLot","Member for over 4 years","189","http://nanowrimo.org/participants/NathalieLot"
"53,451","Mighty Sarbear","Member for over 2 years","190","http://nanowrimo.org/participants/Mighty-Sarbear"
"230,059","middleoftheride","Member for about 4 years","191","http://nanowrimo.org/participants/middleoftheride"
"52,805","LXandraS","Member for about 9 years","192","http://nanowrimo.org/participants/LXandraS"
"0","LumpyLex64","Member for 2 months","193","http://nanowrimo.org/participants/LumpyLex64"
"502,867","LouSycamore","Member for over 3 years","194","http://nanowrimo.org/participants/LouSycamore"
"345,516","LorelaiSquared","Member for about 6 years","195","http://nanowrimo.org/participants/LorelaiSquared"
"113,649","lisashawnz","Member for about 1 year","196","http://nanowrimo.org/participants/lisashawnz"
"212,114","lisalulu09","Member for over 6 years","197","http://nanowrimo.org/participants/lisalulu09"
"283,811","lingrem","Member for about 6 years","198","http://nanowrimo.org/participants/lingrem"
"153,786","Liberate","Member for about 6 years","199","http://nanowrimo.org/participants/Liberate"
"106,812","Klepsie","Member for about 1 year","200","http://nanowrimo.org/participants/Klepsie"
"18,650","kimosabe","Member for about 9 years","201","http://nanowrimo.org/participants/kimosabe"
"230,117","Karmilla","Member for over 6 years","202","http://nanowrimo.org/participants/Karmilla"
"732,460","Kaleidoscope27","Member for over 7 years","203","http://nanowrimo.org/participants/Kaleidoscope27"
"25,071","K.O.KOALA","Member for 2 months","204","http://nanowrimo.org/participants/K-O-KOALA"
"160,733","K J Hart","Member for over 5 years","205","http://nanowrimo.org/participants/K-J-Hart"
"251,537","Juliet Stubborn","Member for about 3 years","206","http://nanowrimo.org/participants/Juliet-Stubborn"
"144,744","jrothwell","Member for almost 7 years","207","http://nanowrimo.org/participants/jrothwell"
"817,441","Joan_of_Quark","Member for about 7 years","208","http://nanowrimo.org/participants/Joan_of_Quark"
"50,334","Jim Jepps","Member for 2 months","209","http://nanowrimo.org/participants/Jim-Jepps"
"9,818","Jerrymouse","Member for over 7 years","210","http://nanowrimo.org/participants/Jerrymouse"
"420,020","Jenepel","Member for about 8 years","211","http://nanowrimo.org/participants/Jenepel"
"170,340","JeffDudley","Member for about 4 years","212","http://nanowrimo.org/participants/JeffDudley"
"81,068","illraiseyoumine","Member for about 2 years","213","http://nanowrimo.org/participants/illraiseyoumine"
"142,733","Ikalx","Member for almost 6 years","214","http://nanowrimo.org/participants/Ikalx"
"453,638","fairyhedgehog","Member for about 9 years","215","http://nanowrimo.org/participants/fairyhedgehog"
"4,000","Erika Sugar","Member for about 1 month","216","http://nanowrimo.org/participants/Erika-Sugar"
"401,121","Elyzab","Member for over 7 years","217","http://nanowrimo.org/participants/Elyzab"
"229,398","dtravner","Member for about 6 years","218","http://nanowrimo.org/participants/dtravner"
"149,220","devilgate","Member for about 5 years","219","http://nanowrimo.org/participants/devilgate"
"200,129","Detective Prince","Member for about 3 years","220","http://nanowrimo.org/participants/Detective-Prince"
"715,372","delorfinde","Member for about 6 years","221","http://nanowrimo.org/participants/delorfinde"
"265,077","darklioness82","Member for about 6 years","222","http://nanowrimo.org/participants/darklioness82"
"50,532","christinahcare","Member for 2 months","223","http://nanowrimo.org/participants/christinahcare"
"250,570","Chris Baty","Member for about 13 years","224","http://nanowrimo.org/participants/Chris-Baty"
"247,001","chanters","Member for about 10 years","225","http://nanowrimo.org/participants/chanters"
"223,339","CarlieD","Member for about 5 years","226","http://nanowrimo.org/participants/CarlieD"
"183,882","brown.eyed-kid","Member for about 6 years","227","http://nanowrimo.org/participants/brown-eyed-kid"
"80,566","Blue Amber","Member for about 4 years","228","http://nanowrimo.org/participants/Blue-Amber"
"954,802","beanchica1959","Member for about 13 years","229","http://nanowrimo.org/participants/beanchica1959"
"136,984","BBQColin","Member for almost 8 years","230","http://nanowrimo.org/participants/BBQColin"
"172,534","Balladeer","Member for about 2 years","231","http://nanowrimo.org/participants/Balladeer"
"325,265","Asphodele","Member for about 7 years","232","http://nanowrimo.org/participants/Asphodele"
"154,505","AnnG","Member for about 6 years","233","http://nanowrimo.org/participants/AnnG"
"60,732","AmberMeyer","Member for over 6 years","234","http://nanowrimo.org/participants/AmberMeyer"
"223,313","Zirkin","Member for about 4 years","235","http://nanowrimo.org/participants/Zirkin"
"106,195","Zinzol","Member for over 1 year","236","http://nanowrimo.org/participants/Zinzol"
"50,616","Zina Blomber","Member for over 1 year","237","http://nanowrimo.org/participants/Zina-Blomber"
"50,326","Zagreos","Member for 2 months","238","http://nanowrimo.org/participants/Zagreos"
"586,003","Yzabel","Member for about 10 years","239","http://nanowrimo.org/participants/Yzabel"
"50,041","Yuzetsuki","Member for about 1 year","240","http://nanowrimo.org/participants/Yuzetsuki"
"93,790","Yume ka Mage","Member for about 4 years","241","http://nanowrimo.org/participants/Yume-ka-Mage"
"100,222","You learn to live and die and then to live","Member for about 1 year","242","http://nanowrimo.org/participants/you-learn-to-live-and-die-and-then-to-live"
"225,393","Xanadudelamare","Member for about 6 years","243","http://nanowrimo.org/participants/Xanadudelamare"
"111,448","Wombatkoon","Member for about 3 years","244","http://nanowrimo.org/participants/Wombatkoon"
"50,052","Wolburgh","Member for 7 months","245","http://nanowrimo.org/participants/Wolburgh"
"178,491","webcomix","Member for about 5 years","246","http://nanowrimo.org/participants/webcomix"
"63,627","Walktapus bis","Member for 3 months","247","http://nanowrimo.org/participants/Walktapus-bis"
"63,384","Vleg","Member for about 1 year","248","http://nanowrimo.org/participants/Vleg"
"15,380","vivi4","Member for 3 months","249","http://nanowrimo.org/participants/vivi4"
"14,299","Violeen","Member for 3 months","250","http://nanowrimo.org/participants/Violeen"
"309,947","Vilyajade","Member for about 5 years","251","http://nanowrimo.org/participants/Vilyajade"
"69,645","UrsaMaritima","Member for about 3 years","252","http://nanowrimo.org/participants/UrsaMaritima"
"100,682","Unseelie Ashbless","Member for about 2 years","253","http://nanowrimo.org/participants/Unseelie-Ashbless"
"62,109","UltraChilly","Member for about 2 years","254","http://nanowrimo.org/participants/UltraChilly"
"30,353","tuttyFruity","Member for 2 months","255","http://nanowrimo.org/participants/tuttyFruity"
"220,728","Tûtie","Member for about 5 years","256","http://nanowrimo.org/participants/Tutie"
"116,906","Tristan Morlaës","Member for about 1 year","257","http://nanowrimo.org/participants/tristan-morlaes"
"1,980","Trikopp","Member for about 1 year","258","http://nanowrimo.org/participants/Trikopp"
"89,910","The Sullen Captain","Member for 3 months","259","http://nanowrimo.org/participants/The-Sullen-Captain"
"130,151","TerresDeBrume","Member for over 3 years","260","http://nanowrimo.org/participants/TerresDeBrume"
"238,479","Teneombre","Member for about 3 years","261","http://nanowrimo.org/participants/Teneombre"
"35,399","tchaymz","Member for about 1 year","262","http://nanowrimo.org/participants/tchaymz"
"24,032","Sylvène","Member for about 1 year","263","http://nanowrimo.org/participants/Sylvene"
"101,547","Sylphe","Member for almost 3 years","264","http://nanowrimo.org/participants/Sylphe"
"437,074","Syderia","Member for over 6 years","265","http://nanowrimo.org/participants/Syderia"
"217,553","Svetlana Desmon","Member for about 4 years","266","http://nanowrimo.org/participants/Svetlana-Desmon"
"1,758,715","sushimustwrite","Member for about 13 years","267","http://nanowrimo.org/participants/sushimustwrite"
"74,412","Sunshine_md","Member for about 5 years","268","http://nanowrimo.org/participants/Sunshine_md"
"127,066","Stinou","Member for about 3 years","269","http://nanowrimo.org/participants/Stinou"
"7,557","stendhalsyndrome","Member for about 1 year","270","http://nanowrimo.org/participants/stendhalsyndrome"
"515,206","spalven","Member for about 11 years","271","http://nanowrimo.org/participants/spalven"
"100,048","Sophie Ekwo","Member for about 1 year","272","http://nanowrimo.org/participants/Sophie-Ekwo"
"568,421","Sophia Humbert","Member for about 1 year","273","http://nanowrimo.org/participants/Sophia-Humbert"
"95,104","Soniaf","Member for about 1 year","274","http://nanowrimo.org/participants/Soniaf"
"302","Sombral","Member for about 1 month","275","http://nanowrimo.org/participants/Sombral"
"105,644","Solibear","Member for over 1 year","276","http://nanowrimo.org/participants/Solibear"
"631,366","Solamades","Member for about 5 years","277","http://nanowrimo.org/participants/Solamades"
"53,341","Silybum","Member for 3 months","278","http://nanowrimo.org/participants/Silybum"
"31,618","Siloé","Member for about 4 years","279","http://nanowrimo.org/participants/Siloe"
"212,072","Shuu","Member for about 5 years","280","http://nanowrimo.org/participants/Shuu"
"23,053","Shikaya","Member for 7 months","281","http://nanowrimo.org/participants/Shikaya"
"151,580","Senekata","Member for about 5 years","282","http://nanowrimo.org/participants/Senekata"
"9,898","Selma Bodwinger","Member for about 1 month","283","http://nanowrimo.org/participants/Selma-Bodwinger"
"113,864","Seija","Member for about 2 years","284","http://nanowrimo.org/participants/Seija"
"50,313","Scylite","Member for 4 months","285","http://nanowrimo.org/participants/Scylite"
"13,602","Scribantrope","Member for about 2 years","286","http://nanowrimo.org/participants/Scribantrope"
"19,300","Scott Green","Member for 2 months","287","http://nanowrimo.org/participants/Scott-Green"
"61,870","scarlett in wonderland","Member for about 1 year","288","http://nanowrimo.org/participants/scarlett-in-wonderland"
"227,114","Saschka","Member for about 4 years","289","http://nanowrimo.org/participants/Saschka"
"27,723","Sarisarounette","Member for 2 months","290","http://nanowrimo.org/participants/Sarisarounette"
"87,566","Sarah Moan","Member for about 2 years","291","http://nanowrimo.org/participants/Sarah-Moan"
"7,782","Sandinea","Member for 2 months","292","http://nanowrimo.org/participants/Sandinea"
"3,987","Sance","Member for 2 months","293","http://nanowrimo.org/participants/Sance"
"318,630","Saintemew","Member for about 5 years","294","http://nanowrimo.org/participants/Saintemew"
"10,014","Saint-Saëns","Member for about 1 year","295","http://nanowrimo.org/participants/Saint-Saens"
"85,214","Ryin","Member for about 3 years","296","http://nanowrimo.org/participants/Ryin"
"50,073","RobinLane","Member for 2 months","297","http://nanowrimo.org/participants/RobinLane"
"4,054","riverSud","Member for about 1 year","298","http://nanowrimo.org/participants/riverSud"
"578,118","reallysuperneat","Member for about 9 years","299","http://nanowrimo.org/participants/reallysuperneat"
"67,614","rahmatou sangotte","Member for about 5 years","300","http://nanowrimo.org/participants/rahmatou-sangotte"
"110,269","QueenCassie","Member for about 3 years","301","http://nanowrimo.org/participants/QueenCassie"
"35,127","Quod","Member for about 2 years","302","http://nanowrimo.org/participants/Quod"
"430,134","smwalter","Member for about 8 years","303","http://nanowrimo.org/participants/smwalter"
"421,755","theinfernumflame","Member for about 9 years","304","http://nanowrimo.org/participants/theinfernumflame"
"396,026","slrphebos","Member for about 8 years","305","http://nanowrimo.org/participants/slrphebos"
"20,389","Ohwriting","Member for about 3 years","306","http://nanowrimo.org/participants/Ohwriting"
"307,227","Lofweir","Member for over 6 years","307","http://nanowrimo.org/participants/Lofweir"
"254,313","Lady Quetzalcoatl","Member for about 10 years","308","http://nanowrimo.org/participants/Lady-Quetzalcoatl"
"474,899","expatrie","Member for about 8 years","309","http://nanowrimo.org/participants/expatrie"
"396,529","dead_end_moon_angel","Member for about 9 years","310","http://nanowrimo.org/participants/dead_end_moon_angel"
"267,018","callalily05","Member for almost 7 years","311","http://nanowrimo.org/participants/callalily05"
"104,364","ABitofAnAlliterate","Member for about 1 year","312","http://nanowrimo.org/participants/ABitofAnAlliterate"
"255,298","Aiea","Member for about 8 years","313","http://nanowrimo.org/participants/Aiea"
"95,494","Angel Gail Rose","Member for about 2 years","314","http://nanowrimo.org/participants/Angel-Gail-Rose"
"227,729","Aubrette","Member for about 6 years","315","http://nanowrimo.org/participants/Aubrette"
"61,266","Blackie_DuQuesne","Member for over 1 year","316","http://nanowrimo.org/participants/Blackie_DuQuesne"
"116,559","bouncycheese","Member for almost 3 years","317","http://nanowrimo.org/participants/bouncycheese"
"144,957","CairennRhys","Member for almost 3 years","318","http://nanowrimo.org/participants/CairennRhys"
"242,220","CasaubonHermeticum","Member for about 5 years","319","http://nanowrimo.org/participants/CasaubonHermeticum"
"2,429","chiheatherlove","Member for about 5 years","320","http://nanowrimo.org/participants/chiheatherlove"
"232,943","Constance Snythl","Member for about 8 years","321","http://nanowrimo.org/participants/Constance-Snythl"
"1,684,122","CrimsonBlood","Member for about 10 years","322","http://nanowrimo.org/participants/CrimsonBlood"
"51,218","crusanton","Member for about 4 years","323","http://nanowrimo.org/participants/crusanton"
"61,861","cwood779","Member for about 3 years","324","http://nanowrimo.org/participants/cwood779"
"100,270","danfinnen","Member for about 1 year","325","http://nanowrimo.org/participants/danfinnen"
"591,283","dark_phoenix","Member for about 8 years","326","http://nanowrimo.org/participants/dark_phoenix"
"407,888","displacedbeatnik","Member for about 12 years","327","http://nanowrimo.org/participants/displacedbeatnik"
"168,141","eauderose","Member for about 3 years","328","http://nanowrimo.org/participants/eauderose"
"131,116","Ellis422112","Member for about 2 years","329","http://nanowrimo.org/participants/Ellis422112"
"474,899","expatrie","Member for about 8 years","330","http://nanowrimo.org/participants/expatrie"
"16,053","fletchbohne","Member for about 1 year","331","http://nanowrimo.org/participants/fletchbohne"
"13,700","iamthemoonstar","Member for about 1 year","332","http://nanowrimo.org/participants/iamthemoonstar"
"91,688","I_Think_Im_2D","Member for about 5 years","333","http://nanowrimo.org/participants/I_Think_Im_2D"
"101,522","jedishan","Member for over 4 years","334","http://nanowrimo.org/participants/jedishan"
"7,119","JenBoylen","Member for 2 months","335","http://nanowrimo.org/participants/JenBoylen"
"24,565","Joe_Stallone","Member for 2 months","336","http://nanowrimo.org/participants/Joe_Stallone"
"175,450","jim.markus","Member for about 8 years","337","http://nanowrimo.org/participants/jim-markus"
"31,877","JLynneMoore","Member for about 2 years","338","http://nanowrimo.org/participants/JLynneMoore"
"193,521","johnveritas","Member for about 5 years","339","http://nanowrimo.org/participants/johnveritas"
"59,760","JuliannaUnderhill","Member for 4 months","340","http://nanowrimo.org/participants/JuliannaUnderhill"
"27,368","K.D. Atkins","Member for about 2 years","341","http://nanowrimo.org/participants/k-d-atkins"
"126,599","KellyDuff","Member for over 3 years","342","http://nanowrimo.org/participants/KellyDuff"
"657,009","lassarina","Member for about 10 years","343","http://nanowrimo.org/participants/lassarina"
"63,839","ladychris","Member for about 4 years","344","http://nanowrimo.org/participants/ladychris"
"319,187","LaVieDansante","Member for over 4 years","345","http://nanowrimo.org/participants/LaVieDansante"
"307,227","Lofweir","Member for over 6 years","346","http://nanowrimo.org/participants/Lofweir"
"201,717","M.H. Afa","Member for over 2 years","347","http://nanowrimo.org/participants/M-H-Afa"
"257,734","madambition","Member for about 4 years","348","http://nanowrimo.org/participants/madambition"
"25,385","MrCrow9000","Member for about 1 month","349","http://nanowrimo.org/participants/MrCrow9000"
"0","Montesol","Member for about 3 years","350","http://nanowrimo.org/participants/Montesol"
"200,997","msmolarek","Member for over 7 years","351","http://nanowrimo.org/participants/msmolarek"
"151,703","DanzAmazon","Member for about 9 years","352","http://nanowrimo.org/participants/DanzAmazon"
"325,036","zricks","Member for about 7 years","353","http://nanowrimo.org/participants/zricks"
"263,186","zendra","Member for about 9 years","354","http://nanowrimo.org/participants/zendra"
"194,485","zegota","Member for about 9 years","355","http://nanowrimo.org/participants/zegota"
"206,987","xmenbari","Member for about 6 years","356","http://nanowrimo.org/participants/xmenbari"
"42,246","WildwoodGoddess","Member for about 1 year","357","http://nanowrimo.org/participants/WildwoodGoddess"
"100,726","wellwords","Member for over 4 years","358","http://nanowrimo.org/participants/wellwords"
"132,473","TxLeggz","Member for about 6 years","359","http://nanowrimo.org/participants/TxLeggz"
"326,477","Triais31","Member for about 6 years","360","http://nanowrimo.org/participants/Triais31"
"378,381","theriversflow","Member for 2 months","361","http://nanowrimo.org/participants/theriversflow"
"107,791","The Rain Maniac","Member for about 2 years","362","http://nanowrimo.org/participants/The-Rain-Maniac"
"132,452","TBuchle","Member for about 2 years","363","http://nanowrimo.org/participants/TBuchle"
"50,074","tashawiginton","Member for 3 months","364","http://nanowrimo.org/participants/tashawiginton"
"52,027","TarotbyArwen","Member for over 1 year","365","http://nanowrimo.org/participants/TarotbyArwen"
"60,851","Sunshine.civalization","Member for about 4 years","366","http://nanowrimo.org/participants/Sunshine-civalization"
"25,003","SpeedingCadence","Member for about 3 years","367","http://nanowrimo.org/participants/SpeedingCadence"
"104,017","spanksthellama","Member for over 2 years","368","http://nanowrimo.org/participants/spanksthellama"
"1,133,046","Soluna","Member for about 9 years","369","http://nanowrimo.org/participants/Soluna"
"205,252","SkepticalDreamer","Member for about 3 years","370","http://nanowrimo.org/participants/SkepticalDreamer"
"382,727","Skalidra","Member for about 3 years","371","http://nanowrimo.org/participants/Skalidra"
"75,831","Sionna Dehr","Member for about 1 year","372","http://nanowrimo.org/participants/Sionna-Dehr"
"27,903","siobhangra","Member for about 10 years","373","http://nanowrimo.org/participants/siobhangra"
"241,361","ShadowsEdge","Member for about 9 years","374","http://nanowrimo.org/participants/ShadowsEdge"
"62,032","Sarasamsara","Member for about 8 years","375","http://nanowrimo.org/participants/Sarasamsara"
"0","scaserta11","Member for about 1 year","376","http://nanowrimo.org/participants/scaserta11"
"862,167","ReiKnight","Member for about 10 years","377","http://nanowrimo.org/participants/ReiKnight"
"2,000","QueenBee1008","Member for 2 months","378","http://nanowrimo.org/participants/QueenBee1008"
"121,252","Oonaverse","Member for about 2 years","379","http://nanowrimo.org/participants/Oonaverse"
"74,829","paperflye","Member for over 3 years","380","http://nanowrimo.org/participants/paperflye"
"67,930","OhNoDomo","Member for about 2 years","381","http://nanowrimo.org/participants/OhNoDomo"
"226,217","Nyrissa","Member for about 4 years","382","http://nanowrimo.org/participants/Nyrissa"
"132,228","movieye","Member for about 2 years","383","http://nanowrimo.org/participants/movieye"
"387,042","mortillos","Member for about 5 years","384","http://nanowrimo.org/participants/mortillos"
"36,597","Montythibidoux","Member for about 2 years","385","http://nanowrimo.org/participants/Montythibidoux"
"1,151,639","mollib","Member for about 8 years","386","http://nanowrimo.org/participants/mollib"
"30,000","lleikeratx","Member for 3 months","387","http://nanowrimo.org/participants/lleikeratx"
"57,934","letsdothisthing2014","Member for about 1 year","388","http://nanowrimo.org/participants/letsdothisthing2014"
"202,233","Leirua","Member for over 3 years","389","http://nanowrimo.org/participants/Leirua"
"155,548","kiwiette","Member for over 2 years","390","http://nanowrimo.org/participants/kiwiette"
"8,395","Kittycat2007","Member for about 3 years","391","http://nanowrimo.org/participants/Kittycat2007"
"25,567","Kitty Van Halen","Member for 3 months","392","http://nanowrimo.org/participants/Kitty-Van-Halen"
"76,485","kellyspace1208","Member for about 1 year","393","http://nanowrimo.org/participants/kellyspace1208"
"377,098","karalianne","Member for about 11 years","394","http://nanowrimo.org/participants/karalianne"
"216,720","K. Hinton","Member for about 8 years","395","http://nanowrimo.org/participants/k-hinton"
"34,047","Jontheone","Member for about 1 month","396","http://nanowrimo.org/participants/Jontheone"
"124,842","Jennifer Duckie Brewer","Member for about 2 years","397","http://nanowrimo.org/participants/Jennifer-Duckie-Brewer"
"194,096","jadana","Member for about 2 years","398","http://nanowrimo.org/participants/jadana"
"50,420","Janice D-P","Member for about 4 years","399","http://nanowrimo.org/participants/Janice-D-P"
"0","Jackbuck","Member for 3 months","400","http://nanowrimo.org/participants/Jackbuck"
"81,960","icefallstears","Member for about 3 years","401","http://nanowrimo.org/participants/icefallstears"
"191,699","hillsc","Member for about 6 years","402","http://nanowrimo.org/participants/hillsc"
"371,752","helenathemuse","Member for about 10 years","403","http://nanowrimo.org/participants/helenathemuse"
"314,448","Handsome Jim","Member for about 5 years","404","http://nanowrimo.org/participants/handsome-jim"
"305,064","gpanza","Member for about 6 years","405","http://nanowrimo.org/participants/gpanza"
"19,407","Gozonji","Member for about 6 years","406","http://nanowrimo.org/participants/Gozonji"
"158,454","gale.albright","Member for about 5 years","407","http://nanowrimo.org/participants/gale-albright"
"907,160","flickguy","Member for about 11 years","408","http://nanowrimo.org/participants/flickguy"
"61,105","Farrah_Rochon","Member for about 5 years","409","http://nanowrimo.org/participants/Farrah_Rochon"
"4,517","Evinschmevin","Member for about 4 years","410","http://nanowrimo.org/participants/Evinschmevin"
"645,969","EvalinaPhoenix","Member for over 1 year","411","http://nanowrimo.org/participants/EvalinaPhoenix"
"103,627","embersshadow","Member for over 3 years","412","http://nanowrimo.org/participants/embersshadow"
"368,456","solayan","Member for over 6 years","413","http://nanowrimo.org/participants/solayan"
"110,580","wulfae","Member for over 3 years","414","http://nanowrimo.org/participants/wulfae"
"167,787","WrittenLiving","Member for about 5 years","415","http://nanowrimo.org/participants/WrittenLiving"
"453,649","TrudyG","Member for over 7 years","416","http://nanowrimo.org/participants/TrudyG"
"285,470","Rinjii","Member for about 7 years","417","http://nanowrimo.org/participants/Rinjii"
"235,322","persekore","Member for about 4 years","418","http://nanowrimo.org/participants/persekore"
"215,192","perfectimperfection","Member for over 3 years","419","http://nanowrimo.org/participants/perfectimperfection"
"609,153","mr_caterpillar","Member for about 7 years","420","http://nanowrimo.org/participants/mr_caterpillar"
"63,680","Lop","Member for 27 days","421","http://nanowrimo.org/participants/Lop"
"88,860","LadyofPangaea","Member for about 3 years","422","http://nanowrimo.org/participants/LadyofPangaea"
"92,197","kaluvinar","Member for almost 7 years","423","http://nanowrimo.org/participants/kaluvinar"
"171,710","Hemp Fandango","Member for about 6 years","424","http://nanowrimo.org/participants/Hemp-Fandango"
"976,871","Coralie","Member for about 7 years","425","http://nanowrimo.org/participants/Coralie"
"42,375","cleverboot","Member for over 6 years","426","http://nanowrimo.org/participants/cleverboot"
"144,270","Brandon Sanderson","Member for about 8 years","427","http://nanowrimo.org/participants/Brandon-Sanderson"
"146,687","artistflop","Member for about 4 years","428","http://nanowrimo.org/participants/artistflop"
"349,800","Applepine","Member for over 5 years","429","http://nanowrimo.org/participants/Applepine"
"164,285","mrshreffler","Member for about 4 years","430","http://nanowrimo.org/participants/mrshreffler"
"218,349","young108west","Member for over 4 years","431","http://nanowrimo.org/participants/young108west"
"127,935","FelineTheCatHerder","Member for about 3 years","432","http://nanowrimo.org/participants/FelineTheCatHerder"
"53,579","E M Caines","Member for about 3 years","433","http://nanowrimo.org/participants/E-M-Caines"
"42,723","caflesch","Member for about 8 years","434","http://nanowrimo.org/participants/caflesch"
"206,891","Foreign_Nebula","Member for about 3 years","435","http://nanowrimo.org/participants/Foreign_Nebula"
"35,800","WishfollThinking","Member for about 1 month","436","http://nanowrimo.org/participants/WishfollThinking"
"152,141","Tiriniel","Member for about 4 years","437","http://nanowrimo.org/participants/Tiriniel"
"30,009","theladyafterwards","Member for almost 6 years","438","http://nanowrimo.org/participants/theladyafterwards"
"17,093","Shadow of Malice","Member for about 3 years","439","http://nanowrimo.org/participants/Shadow-of-Malice"
"50,024","Rovine","Member for over 1 year","440","http://nanowrimo.org/participants/Rovine"
"24,242","MarchMagnolia","Member for about 3 years","441","http://nanowrimo.org/participants/MarchMagnolia"
"706,472","Lauren E. Mitchell","Member for about 12 years","442","http://nanowrimo.org/participants/lauren-e-mitchell"
"75,242","Lauralu91","Member for about 1 year","443","http://nanowrimo.org/participants/Lauralu91"
"205,301","jdniemand","Member for about 3 years","444","http://nanowrimo.org/participants/jdniemand"
"168,325","HyperCaz","Member for about 2 years","445","http://nanowrimo.org/participants/HyperCaz"
"250,647","Hexigon","Member for about 4 years","446","http://nanowrimo.org/participants/Hexigon"
"50","gwentheg","Member for 4 months","447","http://nanowrimo.org/participants/gwentheg"
"256,819","DrachenkralleFantasy","Member for about 3 years","448","http://nanowrimo.org/participants/DrachenkralleFantasy"
"172,534","Balladeer","Member for about 2 years","449","http://nanowrimo.org/participants/Balladeer"
"601,039","QueenOfTheUniverse","Member for about 11 years","450","http://nanowrimo.org/participants/QueenOfTheUniverse"
"121,811","Vashtan","Member for about 1 year","451","http://nanowrimo.org/participants/Vashtan"
"603,125","tkphotog","Member for about 11 years","452","http://nanowrimo.org/participants/tkphotog"
"343,620","SocioTom","Member for about 8 years","453","http://nanowrimo.org/participants/SocioTom"
"288,834","Kaje Harper","Member for about 4 years","454","http://nanowrimo.org/participants/Kaje-Harper"
"65,158","EmpressRiz","Member for about 6 years","455","http://nanowrimo.org/participants/EmpressRiz"
"414,777","DevB","Member for about 4 years","456","http://nanowrimo.org/participants/DevB"
"50,191","corgilord","Member for 2 months","457","http://nanowrimo.org/participants/corgilord"
"567,565","Cayendi","Member for about 10 years","458","http://nanowrimo.org/participants/Cayendi"
"661,610","Becky Black","Member for over 4 years","459","http://nanowrimo.org/participants/Becky-Black"
"0","bandanna","Member for about 10 years","460","http://nanowrimo.org/participants/bandanna"
"155,445","AnneTenino","Member for about 4 years","461","http://nanowrimo.org/participants/AnneTenino"
"441,214","aliciagregoire","Member for about 6 years","462","http://nanowrimo.org/participants/aliciagregoire"
"316,081","TheRogueParadox","Member for over 3 years","463","http://nanowrimo.org/participants/TheRogueParadox"
"157,530","yukondawn","Member for about 4 years","464","http://nanowrimo.org/participants/yukondawn"
"118,841","Wolf Wild (Kaden)","Member for about 2 years","465","http://nanowrimo.org/participants/wolf-wild-kaden"
"229,952","Sparkling","Member for about 5 years","466","http://nanowrimo.org/participants/Sparkling"
"109,653","sjobeamer","Member for about 2 years","467","http://nanowrimo.org/participants/sjobeamer"
"414,450","reincarnated_alphonse","Member for about 8 years","468","http://nanowrimo.org/participants/reincarnated_alphonse"
"3,885,000","phoenix.writing","Member for about 8 years","469","http://nanowrimo.org/participants/phoenix-writing"
"139,081","Nickola","Member for about 2 years","470","http://nanowrimo.org/participants/Nickola"
"266,915","Nianne","Member for about 4 years","471","http://nanowrimo.org/participants/Nianne"
"205,428","MelissaMelody","Member for 3 months","472","http://nanowrimo.org/participants/MelissaMelody"
"204,509","Max Bliss","Member for about 3 years","473","http://nanowrimo.org/participants/Max-Bliss"
"234,956","Lynoir","Member for over 6 years","474","http://nanowrimo.org/participants/Lynoir"
"267,682","lachattefatale","Member for over 6 years","475","http://nanowrimo.org/participants/lachattefatale"
"2,737,429","Kiryuu-Chan","Member for about 7 years","476","http://nanowrimo.org/participants/Kiryuu-Chan"
"101,183","KehmberRaine","Member for about 1 year","477","http://nanowrimo.org/participants/KehmberRaine"
"337,147","karygurl","Member for about 6 years","478","http://nanowrimo.org/participants/karygurl"
"253,065","jedimarri","Member for over 4 years","479","http://nanowrimo.org/participants/jedimarri"
"796,105","Dunx","Member for about 11 years","480","http://nanowrimo.org/participants/Dunx"
"639,256","destaren","Member for about 11 years","481","http://nanowrimo.org/participants/destaren"
"94,129","Corvus Ptarmigan","Member for about 1 year","482","http://nanowrimo.org/participants/Corvus-Ptarmigan"
"572,536","Chocolatequeen","Member for about 12 years","483","http://nanowrimo.org/participants/Chocolatequeen"
"5,007,156","caillien","Member for about 7 years","484","http://nanowrimo.org/participants/caillien"
"58,420","Amanda Rose","Member for 3 months","485","http://nanowrimo.org/participants/Amanda-Rose"
"618,281","aliblade22","Member for about 9 years","486","http://nanowrimo.org/participants/aliblade22"
"163,949","Adam Mayer","Member for about 2 years","487","http://nanowrimo.org/participants/Adam-Mayer"
"350,170","artofcheatery","Member for about 6 years","488","http://nanowrimo.org/participants/artofcheatery"
"2,902","zbluesy","Member for about 2 years","489","http://nanowrimo.org/participants/zbluesy"
"2,440","WJ Cintron","Member for 2 months","490","http://nanowrimo.org/participants/WJ-Cintron"
"125,660","Twinkle Toes the Berserker","Member for about 1 month","491","http://nanowrimo.org/participants/twinkle-toes-the-berserker"
"95,474","Trillian Anderson","Member for 3 months","492","http://nanowrimo.org/participants/trillian-anderson"
"4,981","thePeoplesVictory","Member for about 1 year","493","http://nanowrimo.org/participants/thePeoplesVictory"
"50,139","TFWilde","Member for about 1 month","494","http://nanowrimo.org/participants/TFWilde"
"953,106","syaffolee","Member for about 13 years","495","http://nanowrimo.org/participants/syaffolee"
"172,545","SpidEMcD","Member for about 5 years","496","http://nanowrimo.org/participants/SpidEMcD"
"169,690","snakejuice","Member for about 11 years","497","http://nanowrimo.org/participants/snakejuice"
"10,553","sleepers","Member for about 4 years","498","http://nanowrimo.org/participants/sleepers"
"500,085","skybluefusion","Member for about 5 years","499","http://nanowrimo.org/participants/skybluefusion"
"51,203","shelley4peace","Member for about 4 years","500","http://nanowrimo.org/participants/shelley4peace"
"154,020","Shadowsong_cc","Member for about 2 years","501","http://nanowrimo.org/participants/Shadowsong_cc"